{"cameraMode":{"drawMode":0,"name":"Shaded","section":"Shading Mode"},"sceneLighting":true,"audioPlay":false,"sceneViewState":{"m_AlwaysRefresh":false,"showFog":true,"showSkybox":true,"showFlares":true,"showImageEffects":true,"showParticleSystems":true,"showVisualEffectGraphs":true,"m_FxEnabled":true},"in2DMode":false,"pivot":{"x":0.8097968697547913,"y":0.43482422828674319,"z":17.62942123413086},"rotation":{"x":-0.3089902698993683,"y":-0.2708081603050232,"z":0.09230627119541168,"w":-0.9069190621376038},"size":39.203758239746097,"orthographic":false}