{"cameraMode":{"drawMode":0,"name":"Shaded","section":"Shading Mode"},"sceneLighting":false,"audioPlay":false,"sceneViewState":{"m_AlwaysRefresh":false,"showFog":true,"showSkybox":false,"showFlares":true,"showImageEffects":true,"showParticleSystems":true,"showVisualEffectGraphs":true,"m_FxEnabled":true},"in2DMode":false,"pivot":{"x":0.10085374861955643,"y":0.34130680561065676,"z":-0.3397688567638397},"rotation":{"x":-0.12614929676055909,"y":0.8598746061325073,"z":-0.2564193904399872,"w":-0.42302852869033816},"size":4.414010524749756,"orthographic":false}