{"cameraMode":{"drawMode":0,"name":"Shaded","section":"Shading Mode"},"sceneLighting":false,"audioPlay":false,"sceneViewState":{"m_AlwaysRefresh":false,"showFog":true,"showSkybox":false,"showFlares":true,"showImageEffects":true,"showParticleSystems":true,"showVisualEffectGraphs":true,"m_FxEnabled":true},"in2DMode":false,"pivot":{"x":-6.979742527008057,"y":2.3344523906707765,"z":3.8393971920013429},"rotation":{"x":0.4308130145072937,"y":-0.044060349464416507,"z":0.0210654865950346,"w":0.9011064767837524},"size":11.358920097351075,"orthographic":false}