{"cameraMode":{"drawMode":0,"name":"Shaded","section":"Shading Mode"},"sceneLighting":false,"audioPlay":false,"sceneViewState":{"m_AlwaysRefresh":false,"showFog":true,"showSkybox":false,"showFlares":true,"showImageEffects":true,"showParticleSystems":true,"showVisualEffectGraphs":true,"m_FxEnabled":true},"in2DMode":false,"pivot":{"x":-0.33768123388290408,"y":0.5175058841705322,"z":-0.6378701329231262},"rotation":{"x":0.26502251625061037,"y":0.13825860619544984,"z":-0.03842133656144142,"w":0.9534659385681152},"size":9.680447578430176,"orthographic":false}